,index,id
count,50000.0,50000.0
mean,0.0,1564168335.35514
std,0.0,61180993.322825976
min,0.0,1467810672.0
25%,0.0,1551841574.75
50%,0.0,1558187663.5
75%,0.0,1572984469.25
max,0.0,1678338169.0
