{
    "f1_default": 0.8905419766206165,
    "f1_gridsearch": 0.8917197452229298,
    "f1_refined": 0.8812834224598929,
    "f1_fine": 0.8812834224598929,
    "f1_ultra_fine": 0.8812834224598929
}